{
    "data": {
        "title": "Custom Chart Title",
        "type": "TABLE_CHART",
        "globalSettings": {
            "maxNumGroups": 50,
            "theme": {
                "name": "Theme 1",
                "values": "#58778F"
            },
            "maxNumRows": 500,
            "sort_by_column": {
                "type": "Value",
                "order": "Asc",
                "advanced": null
            },
            "sort_by_multi_columns": [],
            "maxRecords": true
        },
        "layerList": [
            {
                "type": "TABLE_CHART"
            }
        ],
        "name": "",
        "chart": {
            "fields": {
                "columnsList": [
                    {
                        "data": {
                            "id": "jGv77KI2a",
                            "text": "productCode",
                            "type": "TEXT_LABEL",
                            "qrveyid": "b01ZpGN8G",
                            "uniqueCode": "5ltdhhb6tyg",
                            "colIndex": 0,
                            "pointer": "jGv77KI2aCOUNTDEFAULT",
                            "property": null,
                            "outputFormat": "none"
                        },
                        "index": "1667330822257aeg3ciqz5zk",
                        "type": "column",
                        "label": "productCode",
                        "visualization": "Values",
                        "calculation": null,
                        "dataField": "jGv77KI2a|TEXT_LABEL||1",
                        "qrveyid": "b01ZpGN8G"
                    },
                    {
                        "data": {
                            "id": "G2vLIIWca",
                            "text": "productDescription",
                            "type": "TEXT_LABEL",
                            "qrveyid": "b01ZpGN8G",
                            "uniqueCode": "h78wr87chs0",
                            "colIndex": 1,
                            "pointer": "G2vLIIWcaCOUNTDEFAULT",
                            "property": null,
                            "outputFormat": "none"
                        },
                        "index": "1667330822257dzpei3x2nps",
                        "type": "column",
                        "label": "productDescription",
                        "visualization": "Values",
                        "calculation": null,
                        "dataField": "G2vLIIWca|TEXT_LABEL||2",
                        "qrveyid": "b01ZpGN8G"
                    },
                    {
                        "data": {
                            "id": "vI0CB3Bv8",
                            "text": "productLine",
                            "type": "TEXT_LABEL",
                            "qrveyid": "b01ZpGN8G",
                            "uniqueCode": "8vbppn3xyfc",
                            "colIndex": 2,
                            "pointer": "vI0CB3Bv8COUNTDEFAULT",
                            "property": null,
                            "outputFormat": "none"
                        },
                        "index": "1667330822257ebwi9ljfw1c",
                        "type": "column",
                        "label": "productLine",
                        "visualization": "Values",
                        "calculation": null,
                        "dataField": "vI0CB3Bv8|TEXT_LABEL||3",
                        "qrveyid": "b01ZpGN8G"
                    },
                    {
                        "data": {
                            "id": "ST6kZ7YJf",
                            "text": "productScale",
                            "type": "TEXT_LABEL",
                            "qrveyid": "b01ZpGN8G",
                            "uniqueCode": "3mjihuocag0",
                            "colIndex": 3,
                            "pointer": "ST6kZ7YJfCOUNTDEFAULT",
                            "property": null,
                            "outputFormat": "none"
                        },
                        "index": "16673308222573vuj95xyfy8",
                        "type": "column",
                        "label": "productScale",
                        "visualization": "Values",
                        "calculation": null,
                        "dataField": "ST6kZ7YJf|TEXT_LABEL||4",
                        "qrveyid": "b01ZpGN8G"
                    },
                    {
                        "data": {
                            "id": "Xuih8pDa9",
                            "text": "productName",
                            "type": "TEXT_LABEL",
                            "qrveyid": "b01ZpGN8G",
                            "uniqueCode": "5qhnzh8nftc",
                            "colIndex": 4,
                            "pointer": "Xuih8pDa9COUNTDEFAULT",
                            "property": null,
                            "outputFormat": "none"
                        },
                        "index": "1667330822257nrkqz4809s0",
                        "type": "column",
                        "label": "productName",
                        "visualization": "Values",
                        "calculation": null,
                        "dataField": "Xuih8pDa9|TEXT_LABEL||5",
                        "qrveyid": "b01ZpGN8G"
                    },
                    {
                        "data": {
                            "id": "g4UMrN3qm",
                            "text": "productVendor",
                            "type": "TEXT_LABEL",
                            "qrveyid": "b01ZpGN8G",
                            "uniqueCode": "c3p61oj0yzk",
                            "colIndex": 5,
                            "pointer": "g4UMrN3qmCOUNTDEFAULT",
                            "property": null,
                            "outputFormat": "none"
                        },
                        "index": "1667330822257jdukacydgk8",
                        "type": "column",
                        "label": "productVendor",
                        "visualization": "Values",
                        "calculation": null,
                        "dataField": "g4UMrN3qm|TEXT_LABEL||6",
                        "qrveyid": "b01ZpGN8G"
                    },
                    {
                        "data": {
                            "id": "wCaSBLwHt",
                            "text": "buyPrice",
                            "type": "NUMERIC",
                            "qrveyid": "b01ZpGN8G",
                            "outputFormat": {
                                "format": "Numeric",
                                "numericType": "DECIMAL",
                                "type": "NUMERIC",
                                "decimals": "2"
                            },
                            "colIndex": 6,
                            "pointer": "wCaSBLwHtSUMDEFAULT",
                            "property": null,
                            "defaultFormat": {
                                "format": "Numeric",
                                "numericType": "DECIMAL",
                                "type": "NUMERIC",
                                "decimals": "2"
                            }
                        },
                        "index": "16673308222572rh8zamvx5w",
                        "type": "column",
                        "label": "buyPrice",
                        "visualization": "Values",
                        "calculation": null,
                        "dataField": "wCaSBLwHt|NUMERIC||7",
                        "qrveyid": "b01ZpGN8G"
                    },
                    {
                        "data": {
                            "id": "4bQKeWOs1",
                            "text": "quantityInStock",
                            "type": "NUMERIC",
                            "qrveyid": "b01ZpGN8G",
                            "outputFormat": {
                                "format": "Numeric",
                                "numericType": "INTEGER",
                                "type": "NUMERIC",
                                "decimals": "0"
                            },
                            "uniqueCode": "k541foaeeb4",
                            "colIndex": 7,
                            "pointer": "4bQKeWOs1SUMDEFAULT",
                            "property": null,
                            "defaultFormat": {
                                "format": "Numeric",
                                "numericType": "INTEGER",
                                "type": "NUMERIC",
                                "decimals": "0"
                            }
                        },
                        "index": "16673308222573mef5jvgx2.e",
                        "type": "column",
                        "label": "quantityInStock",
                        "visualization": "Values",
                        "calculation": null,
                        "dataField": "4bQKeWOs1|NUMERIC||8",
                        "qrveyid": "b01ZpGN8G"
                    },
                    {
                        "data": {
                            "id": "vpJhD7I66",
                            "text": "MSRP",
                            "type": "NUMERIC",
                            "qrveyid": "b01ZpGN8G",
                            "outputFormat": {
                                "format": "Numeric",
                                "numericType": "DECIMAL",
                                "type": "NUMERIC",
                                "decimals": "2"
                            },
                            "uniqueCode": "12rr4ap95gh.i",
                            "colIndex": 8,
                            "pointer": "vpJhD7I66SUMDEFAULT",
                            "property": null,
                            "defaultFormat": {
                                "format": "Numeric",
                                "numericType": "DECIMAL",
                                "type": "NUMERIC",
                                "decimals": "2"
                            }
                        },
                        "index": "1667330822257m2lh9kfpm4w",
                        "type": "column",
                        "label": "MSRP",
                        "visualization": "Values",
                        "calculation": null,
                        "dataField": "vpJhD7I66|NUMERIC||9",
                        "qrveyid": "b01ZpGN8G"
                    }
                ],
                "groupsList": []
            },
            "conditions": [],
            "visualization": {
                "sorting": true,
                "value_view": true,
                "totals": true,
                "pagination": {
                    "enabled": true,
                    "recordsPage": 50
                }
            },
            "totals": [],
            "trendsChart": []
        },
        "isTableChartGrouped": false
    },
    "type": "CHART"
}